ImageFile,FaceX,FaceY,FaceWidth,FaceHeight
real_00001.jpg,146,140,428,428
real_00002.jpg,80,140,436,436
real_00003.jpg,33,121,362,362
real_00004.jpg,134,173,356,356
real_00006.jpg,61,62,472,472
real_00008.jpg,328,432,83,83
real_00008.jpg,253,217,245,245
real_00010.jpg,17,84,448,448
real_00011.jpg,84,120,435,435
real_00012.jpg,113,188,375,375
real_00014.jpg,75,108,441,441
real_00015.jpg,66,92,455,455
real_00017.jpg,84,125,447,447
real_00019.jpg,94,212,354,354
real_00022.jpg,43,46,452,452
real_00023.jpg,60,42,481,481
real_00024.jpg,64,60,503,503
real_00025.jpg,91,121,438,438
real_00026.jpg,17,84,466,466
real_00026.jpg,121,358,130,130
real_00027.jpg,28,60,501,501
real_00028.jpg,65,84,440,440
real_00030.jpg,96,170,387,387
real_00031.jpg,12,159,420,420
real_00032.jpg,117,169,403,403
real_00033.jpg,59,50,483,483
real_00035.jpg,112,175,392,392
real_00036.jpg,222,204,279,279
real_00037.jpg,52,82,508,508
real_00038.jpg,115,165,379,379
real_00040.jpg,95,163,305,305
real_00041.jpg,61,79,437,437
real_00043.jpg,142,119,439,439
real_00044.jpg,96,123,420,420
real_00045.jpg,161,141,392,392
real_00046.jpg,52,133,428,428
real_00047.jpg,100,477,73,73
real_00047.jpg,124,105,418,418
real_00048.jpg,117,134,390,390
real_00049.jpg,13,562,28,28
real_00049.jpg,92,179,383,383
real_00050.jpg,186,146,363,363
real_00051.jpg,66,176,337,337
real_00052.jpg,107,205,363,363
real_00053.jpg,125,148,391,391
real_00054.jpg,127,131,421,421
real_00055.jpg,201,301,106,106
real_00055.jpg,496,475,70,70
real_00058.jpg,43,46,517,517
real_00059.jpg,72,139,424,424
real_00060.jpg,80,19,474,474
real_00061.jpg,52,32,485,485
real_00062.jpg,141,188,378,378
real_00063.jpg,12,65,465,465
real_00065.jpg,89,125,431,431
real_00067.jpg,79,83,460,460
real_00068.jpg,75,154,412,412
real_00069.jpg,33,83,504,504
real_00071.jpg,98,162,375,375
real_00073.jpg,38,154,416,416
real_00074.jpg,148,148,425,425
real_00075.jpg,29,112,429,429
real_00076.jpg,67,56,461,461
real_00078.jpg,69,107,438,438
real_00079.jpg,40,138,408,408
real_00080.jpg,131,129,438,438
real_00082.jpg,63,88,479,479
real_00083.jpg,126,241,343,343
real_00084.jpg,36,99,473,473
real_00085.jpg,48,59,470,470
real_00087.jpg,105,206,349,349
real_00088.jpg,108,129,447,447
real_00089.jpg,102,185,405,405
real_00090.jpg,70,77,480,480
real_00092.jpg,47,189,391,391
real_00093.jpg,106,152,430,430
real_00094.jpg,22,41,538,538
real_00095.jpg,62,142,418,418
real_00096.jpg,78,131,432,432
real_00100.jpg,24,92,469,469
real_00101.jpg,61,69,477,477
real_00102.jpg,86,112,441,441
real_00103.jpg,301,121,60,60
real_00104.jpg,138,186,395,395
real_00104.jpg,28,1,55,55
real_00106.jpg,76,67,477,477
real_00107.jpg,79,156,388,388
real_00108.jpg,70,147,440,440
real_00109.jpg,44,55,505,505
real_00110.jpg,70,121,405,405
real_00111.jpg,35,177,344,344
real_00112.jpg,167,139,367,367
real_00113.jpg,79,108,476,476
real_00114.jpg,53,108,401,401
real_00115.jpg,89,124,413,413
real_00116.jpg,132,159,372,372
real_00117.jpg,158,188,346,346
real_00119.jpg,171,100,402,402
real_00120.jpg,72,99,466,466
real_00121.jpg,58,113,454,454
real_00122.jpg,30,71,508,508
real_00123.jpg,117,154,404,404
real_00124.jpg,113,164,389,389
real_00125.jpg,82,131,397,397
real_00126.jpg,98,135,432,432
real_00127.jpg,97,174,351,351
real_00128.jpg,52,24,510,510
real_00129.jpg,26,33,471,471
real_00130.jpg,105,113,387,387
real_00131.jpg,120,179,374,374
real_00132.jpg,70,92,441,441
real_00133.jpg,51,25,482,482
real_00134.jpg,65,95,459,459
real_00135.jpg,95,193,386,386
real_00136.jpg,49,112,441,441
real_00137.jpg,83,125,443,443
real_00138.jpg,72,109,401,401
real_00139.jpg,102,128,446,446
real_00140.jpg,94,164,399,399
real_00141.jpg,86,134,417,417
real_00142.jpg,75,110,422,422
real_00143.jpg,178,143,348,348
real_00144.jpg,75,93,450,450
real_00145.jpg,90,120,415,415
real_00149.jpg,72,190,299,299
real_00150.jpg,42,87,484,484
real_00151.jpg,79,117,430,430
real_00152.jpg,71,164,381,381
real_00153.jpg,118,373,94,94
real_00154.jpg,61,152,402,402
real_00156.jpg,167,188,378,378
real_00157.jpg,65,58,454,454
real_00158.jpg,44,102,472,472
real_00159.jpg,114,102,434,434
real_00160.jpg,100,177,368,368
real_00161.jpg,56,240,116,116
real_00163.jpg,32,131,427,427
real_00164.jpg,88,125,428,428
real_00165.jpg,197,95,388,388
real_00165.jpg,29,196,160,160
real_00166.jpg,120,169,363,363
real_00167.jpg,112,167,390,390
real_00168.jpg,116,178,376,376
real_00169.jpg,169,181,398,398
real_00170.jpg,53,131,446,446
real_00171.jpg,74,102,439,439
real_00172.jpg,74,135,400,400
real_00173.jpg,65,145,412,412
real_00174.jpg,89,102,428,428
real_00175.jpg,65,116,427,427
real_00176.jpg,64,161,403,403
real_00177.jpg,123,220,100,100
real_00177.jpg,35,284,257,257
real_00178.jpg,36,51,484,484
real_00179.jpg,209,186,357,357
real_00180.jpg,116,199,380,380
real_00181.jpg,56,161,411,411
real_00182.jpg,120,205,358,358
real_00183.jpg,61,137,437,437
real_00184.jpg,111,204,373,373
real_00185.jpg,107,168,381,381
real_00186.jpg,100,100,444,444
real_00187.jpg,85,28,411,411
real_00188.jpg,106,125,410,410
real_00189.jpg,142,153,371,371
real_00190.jpg,34,68,448,448
real_00191.jpg,314,448,68,68
real_00192.jpg,25,174,413,413
real_00194.jpg,57,142,389,389
real_00195.jpg,76,159,335,335
real_00196.jpg,44,138,427,427
real_00197.jpg,48,211,358,358
real_00200.jpg,101,37,422,422
real_00201.jpg,56,52,489,489
real_00203.jpg,69,5,469,469
real_00204.jpg,35,33,489,489
real_00205.jpg,99,203,364,364
real_00206.jpg,57,140,418,418
real_00207.jpg,41,140,406,406
real_00208.jpg,102,123,421,421
real_00209.jpg,114,200,362,362
real_00210.jpg,56,120,419,419
real_00211.jpg,154,137,380,380
real_00212.jpg,24,207,72,72
real_00213.jpg,61,93,455,455
real_00214.jpg,62,135,434,434
real_00216.jpg,101,168,386,386
real_00218.jpg,71,19,478,478
real_00219.jpg,535,437,60,60
real_00219.jpg,36,349,104,104
real_00220.jpg,37,156,399,399
real_00221.jpg,77,139,408,408
real_00222.jpg,158,312,245,245
real_00225.jpg,99,186,395,395
real_00226.jpg,104,89,443,443
real_00227.jpg,93,120,432,432
real_00229.jpg,84,161,395,395
real_00230.jpg,120,210,369,369
real_00231.jpg,90,172,337,337
real_00232.jpg,64,96,432,432
real_00233.jpg,73,119,429,429
real_00234.jpg,99,105,410,410
real_00235.jpg,110,127,434,434
real_00236.jpg,36,77,485,485
real_00237.jpg,49,54,497,497
real_00238.jpg,18,26,520,520
real_00239.jpg,105,180,386,386
real_00241.jpg,81,120,415,415
real_00242.jpg,99,159,379,379
real_00243.jpg,60,156,366,366
real_00244.jpg,103,137,416,416
real_00245.jpg,82,135,395,395
real_00246.jpg,33,105,433,433
real_00248.jpg,129,180,362,362
real_00249.jpg,65,120,427,427
real_00251.jpg,93,140,391,391
real_00252.jpg,110,161,386,386
real_00253.jpg,51,25,456,456
real_00254.jpg,105,189,390,390
real_00255.jpg,378,224,100,100
real_00256.jpg,120,146,389,389
real_00257.jpg,87,109,440,440
real_00258.jpg,81,58,441,441
real_00260.jpg,79,123,412,412
real_00261.jpg,111,190,398,398
real_00262.jpg,89,83,52,52
real_00262.jpg,107,173,384,384
real_00263.jpg,91,172,401,401
real_00264.jpg,83,121,427,427
real_00265.jpg,67,75,459,459
real_00266.jpg,16,144,400,400
real_00267.jpg,159,197,359,359
real_00268.jpg,65,147,380,380
real_00270.jpg,123,179,412,412
real_00271.jpg,54,95,459,459
real_00272.jpg,27,51,477,477
real_00273.jpg,108,145,420,420
real_00274.jpg,80,156,426,426
real_00276.jpg,87,187,337,337
real_00277.jpg,116,187,375,375
real_00278.jpg,97,191,363,363
real_00279.jpg,153,211,371,371
real_00281.jpg,72,160,404,404
real_00283.jpg,45,132,423,423
real_00284.jpg,28,166,409,409
real_00285.jpg,34,99,468,468
real_00286.jpg,90,197,384,384
real_00287.jpg,156,174,397,397
real_00289.jpg,59,168,402,402
real_00290.jpg,79,110,448,448
real_00291.jpg,69,149,419,419
real_00292.jpg,189,214,350,350
real_00293.jpg,82,113,452,452
real_00294.jpg,128,164,388,388
real_00295.jpg,61,99,442,442
real_00296.jpg,123,175,405,405
real_00297.jpg,109,198,366,366
real_00298.jpg,103,207,350,350
real_00299.jpg,30,179,381,381
real_00300.jpg,100,177,392,392
real_00301.jpg,79,188,365,365
real_00302.jpg,70,143,369,369
real_00303.jpg,112,188,370,370
real_00304.jpg,112,8,49,49
real_00304.jpg,70,103,466,466
real_00305.jpg,134,176,373,373
real_00305.jpg,494,51,66,66
real_00306.jpg,100,199,350,350
real_00307.jpg,43,98,421,421
real_00308.jpg,52,162,77,77
real_00310.jpg,23,138,394,394
real_00311.jpg,48,133,429,429
real_00312.jpg,90,213,374,374
real_00313.jpg,80,108,422,422
real_00314.jpg,126,241,238,238
real_00315.jpg,110,200,381,381
real_00317.jpg,108,180,401,401
real_00321.jpg,49,70,452,452
real_00322.jpg,102,209,380,380
real_00324.jpg,78,103,418,418
real_00325.jpg,102,161,408,408
real_00328.jpg,36,97,476,476
real_00329.jpg,95,43,478,478
real_00330.jpg,56,71,474,474
real_00331(1).jpg,115,126,435,435
real_00331.jpg,115,126,435,435
real_00332.jpg,112,166,396,396
real_00333.jpg,28,85,444,444
real_00334.jpg,75,168,396,396
real_00336.jpg,49,193,369,369
real_00337.jpg,87,132,418,418
real_00340.jpg,77,123,425,425
real_00343.jpg,57,193,384,384
real_00344.jpg,49,41,508,508
real_00345.jpg,137,102,414,414
real_00346.jpg,105,56,455,455
real_00348.jpg,71,68,456,456
real_00349.jpg,65,164,402,402
real_00351.jpg,110,238,357,357
real_00352.jpg,110,157,380,380
real_00353.jpg,145,197,335,335
real_00354.jpg,77,343,56,56
real_00354.jpg,147,143,424,424
real_00355.jpg,107,177,403,403
real_00356.jpg,43,136,442,442
real_00357.jpg,126,200,354,354
real_00358.jpg,126,163,418,418
real_00358.jpg,461,54,100,100
real_00359.jpg,99,173,396,396
real_00360.jpg,63,105,442,442
real_00361.jpg,59,81,444,444
real_00362.jpg,223,210,295,295
real_00363.jpg,144,189,393,393
real_00365.jpg,62,145,427,427
real_00367.jpg,61,136,424,424
real_00368.jpg,103,144,413,413
real_00370.jpg,51,139,417,417
real_00371.jpg,114,32,439,439
real_00372.jpg,459,27,71,71
real_00372.jpg,160,151,398,398
real_00373.jpg,28,475,26,26
real_00373.jpg,130,169,400,400
real_00376.jpg,84,172,392,392
real_00377.jpg,109,167,398,398
real_00378.jpg,78,166,407,407
real_00379.jpg,54,153,425,425
real_00380.jpg,166,149,334,334
real_00381.jpg,56,89,440,440
real_00382.jpg,96,111,413,413
real_00383.jpg,22,59,495,495
real_00385.jpg,505,100,61,61
real_00386.jpg,110,75,426,426
real_00387.jpg,81,120,437,437
real_00388.jpg,42,182,394,394
real_00390.jpg,69,65,480,480
real_00391.jpg,104,133,389,389
real_00392.jpg,132,151,384,384
real_00393.jpg,133,169,403,403
real_00394.jpg,89,103,452,452
real_00395.jpg,98,97,426,426
real_00396.jpg,101,168,369,369
real_00397.jpg,115,153,402,402
real_00398.jpg,53,90,453,453
real_00399.jpg,56,72,445,445
real_00400.jpg,69,56,453,453
real_00401.jpg,75,84,451,451
real_00403.jpg,108,235,349,349
real_00404.jpg,106,165,410,410
real_00405.jpg,35,124,425,425
real_00405.jpg,490,292,79,79
real_00406.jpg,79,128,378,378
real_00407.jpg,61,103,422,422
real_00408.jpg,66,59,467,467
real_00409.jpg,30,117,348,348
real_00410.jpg,109,70,418,418
real_00411.jpg,90,136,410,410
real_00412.jpg,114,117,398,398
real_00413.jpg,6,300,54,54
real_00414.jpg,170,248,329,329
real_00415.jpg,20,387,56,56
real_00415.jpg,95,175,368,368
real_00416.jpg,93,187,348,348
real_00417.jpg,151,135,203,203
real_00418.jpg,123,135,392,392
real_00419.jpg,26,39,441,441
real_00420.jpg,18,157,349,349
real_00421.jpg,99,157,401,401
real_00422.jpg,81,62,452,452
real_00423.jpg,84,128,73,73
real_00424.jpg,45,73,459,459
real_00425.jpg,71,139,428,428
real_00427.jpg,62,122,460,460
real_00429.jpg,55,90,440,440
real_00430.jpg,100,124,430,430
real_00431.jpg,128,127,404,404
real_00432.jpg,63,126,444,444
real_00434.jpg,120,197,347,347
real_00436.jpg,102,124,421,421
real_00437.jpg,64,93,449,449
real_00438.jpg,141,125,411,411
real_00439.jpg,33,115,385,385
real_00440.jpg,113,124,404,404
real_00441.jpg,74,67,431,431
real_00442.jpg,87,118,423,423
real_00444.jpg,25,15,503,503
real_00445.jpg,37,87,472,472
real_00446.jpg,73,109,434,434
real_00447.jpg,68,81,477,477
real_00448.jpg,100,161,403,403
real_00449.jpg,69,136,437,437
real_00450.jpg,87,135,430,430
real_00451.jpg,138,153,358,358
real_00452.jpg,45,189,244,244
real_00453.jpg,69,106,461,461
real_00454.jpg,58,91,445,445
real_00455.jpg,93,187,387,387
real_00456(1).jpg,106,109,428,428
real_00456.jpg,106,109,428,428
real_00457.jpg,84,126,421,421
real_00458.jpg,60,62,479,479
real_00459.jpg,121,206,350,350
real_00460.jpg,78,92,435,435
real_00461.jpg,64,51,466,466
real_00462.jpg,117,210,345,345
real_00464.jpg,132,162,349,349
real_00465.jpg,71,192,342,342
real_00467.jpg,108,171,368,368
real_00468.jpg,96,104,434,434
real_00469.jpg,128,224,343,343
real_00470.jpg,47,86,467,467
real_00472.jpg,102,134,402,402
real_00473.jpg,51,75,446,446
real_00474.jpg,83,179,395,395
real_00475.jpg,75,166,395,395
real_00476.jpg,142,130,421,421
real_00477.jpg,102,167,382,382
real_00478.jpg,66,141,386,386
real_00479.jpg,38,13,500,500
real_00479.jpg,94,90,165,165
real_00480(1).jpg,76,164,416,416
real_00480.jpg,76,164,416,416
real_00481(1).jpg,58,99,462,462
real_00481.jpg,58,99,462,462
real_00482.jpg,11,26,501,501
real_00483.jpg,47,44,497,497
real_00485.jpg,46,167,390,390
real_00487.jpg,38,74,464,464
real_00489.jpg,67,189,355,355
real_00490.jpg,103,146,415,415
real_00491.jpg,26,114,435,435
real_00492.jpg,87,93,470,470
real_00494(1).jpg,89,137,420,420
real_00494.jpg,89,137,420,420
real_00495(1).jpg,146,150,415,415
real_00495.jpg,146,150,415,415
real_00496.jpg,90,182,364,364
real_00497.jpg,117,220,343,343
real_00498.jpg,76,85,478,478
real_00499.jpg,56,179,380,380
real_00500.jpg,68,107,417,417
real_00501.jpg,9,75,432,432
real_00502.jpg,89,164,404,404
real_00503.jpg,68,116,436,436
real_00504.jpg,50,100,435,435
real_00505.jpg,87,76,401,401
real_00506.jpg,92,53,485,485
real_00507.jpg,46,85,479,479
real_00508.jpg,70,84,462,462
real_00509.jpg,106,243,337,337
real_00512.jpg,57,26,494,494
real_00513.jpg,408,2,107,107
real_00513.jpg,315,275,189,189
real_00515.jpg,31,64,414,414
real_00516.jpg,39,123,450,450
real_00517.jpg,74,113,417,417
real_00518.jpg,454,232,109,109
real_00518.jpg,52,141,406,406
real_00520.jpg,61,136,390,390
real_00521.jpg,70,148,408,408
real_00523.jpg,116,151,382,382
real_00524.jpg,94,170,372,372
real_00525.jpg,60,71,449,449
real_00526.jpg,142,137,408,408
real_00527.jpg,68,105,432,432
real_00528.jpg,86,88,449,449
real_00530.jpg,182,110,408,408
real_00531.jpg,116,156,404,404
real_00532.jpg,166,195,362,362
real_00533.jpg,114,107,440,440
real_00534.jpg,136,221,335,335
real_00535.jpg,109,151,409,409
real_00537.jpg,56,78,473,473
real_00539.jpg,92,84,453,453
real_00540.jpg,121,154,416,416
real_00541.jpg,59,141,398,398
real_00542.jpg,10,244,52,52
real_00542.jpg,152,146,378,378
real_00543.jpg,161,515,32,32
real_00545.jpg,67,84,451,451
real_00546.jpg,62,113,441,441
real_00547.jpg,108,170,358,358
real_00548.jpg,61,106,463,463
real_00549.jpg,78,152,422,422
real_00550.jpg,32,69,492,492
real_00551.jpg,82,135,411,411
real_00552.jpg,87,58,451,451
real_00553.jpg,62,85,468,468
real_00554.jpg,98,152,405,405
real_00555.jpg,88,132,406,406
real_00556.jpg,67,167,386,386
real_00557.jpg,167,149,398,398
real_00558.jpg,112,188,372,372
real_00559.jpg,121,187,385,385
real_00561.jpg,66,150,359,359
real_00562.jpg,88,118,430,430
real_00563.jpg,40,174,332,332
real_00564.jpg,50,157,419,419
real_00565.jpg,85,109,408,408
real_00566.jpg,174,132,375,375
real_00567.jpg,123,153,393,393
real_00568.jpg,52,21,508,508
real_00569.jpg,462,208,113,113
real_00570.jpg,44,130,400,400
real_00571.jpg,73,95,443,443
real_00572.jpg,162,226,347,347
real_00573.jpg,100,141,375,375
real_00574.jpg,96,176,389,389
real_00575.jpg,101,100,404,404
real_00576.jpg,9,34,433,433
real_00577.jpg,60,304,51,51
real_00578.jpg,115,81,432,432
real_00579.jpg,57,80,452,452
real_00581.jpg,83,93,430,430
real_00582.jpg,79,203,62,62
real_00583.jpg,195,320,80,80
real_00584.jpg,85,145,414,414
real_00585.jpg,107,152,403,403
real_00586.jpg,83,109,444,444
real_00587.jpg,58,83,454,454
real_00588.jpg,139,151,404,404
real_00589.jpg,46,440,46,46
real_00590.jpg,181,178,367,367
real_00591.jpg,160,176,377,377
real_00592.jpg,140,141,401,401
real_00593.jpg,388,325,123,123
real_00593.jpg,123,243,91,91
real_00594.jpg,96,116,449,449
real_00595.jpg,72,121,439,439
real_00596.jpg,81,89,432,432
real_00596.jpg,231,289,128,128
real_00597.jpg,64,54,475,475
real_00599.jpg,61,114,437,437
real_00600.jpg,107,158,402,402
real_00601.jpg,90,203,334,334
real_00603.jpg,13,153,411,411
real_00604.jpg,115,189,374,374
real_00605.jpg,244,386,159,159
real_00606.jpg,103,177,376,376
real_00606.jpg,19,298,88,88
real_00610.jpg,37,123,394,394
real_00612.jpg,77,125,442,442
real_00615.jpg,69,117,443,443
real_00616.jpg,48,162,337,337
real_00617.jpg,102,179,359,359
real_00618.jpg,54,154,383,383
real_00619.jpg,121,148,396,396
real_00620.jpg,70,177,391,391
real_00621.jpg,105,175,406,406
real_00622.jpg,99,542,52,52
real_00622.jpg,45,111,476,476
real_00624.jpg,87,122,402,402
real_00625.jpg,306,287,240,240
real_00626.jpg,82,134,417,417
real_00629.jpg,58,204,369,369
real_00629.jpg,162,82,167,167
real_00631.jpg,48,119,433,433
real_00633.jpg,162,92,404,404
real_00634.jpg,51,167,375,375
real_00635.jpg,35,136,409,409
real_00636.jpg,23,51,475,475
real_00637.jpg,114,162,389,389
real_00639.jpg,33,76,477,477
real_00640.jpg,62,97,445,445
real_00641.jpg,138,127,394,394
real_00642.jpg,80,163,389,389
real_00643.jpg,82,66,434,434
real_00644.jpg,148,221,291,291
real_00645.jpg,92,124,401,401
real_00646.jpg,64,16,508,508
real_00647.jpg,115,124,393,393
real_00648.jpg,66,92,459,459
real_00649.jpg,118,23,471,471
real_00650.jpg,384,109,61,61
real_00651.jpg,70,105,421,421
real_00653.jpg,52,206,255,255
real_00654.jpg,87,76,430,430
real_00656.jpg,102,332,80,80
real_00657.jpg,73,98,425,425
real_00658.jpg,95,215,377,377
real_00659.jpg,167,206,359,359
real_00660.jpg,146,159,402,402
real_00662.jpg,69,181,376,376
real_00663.jpg,134,66,433,433
real_00664.jpg,139,109,417,417
real_00665.jpg,39,133,398,398
real_00666.jpg,407,21,133,133
real_00667.jpg,69,92,462,462
real_00668.jpg,105,181,365,365
real_00669.jpg,113,121,427,427
real_00670.jpg,37,33,483,483
real_00672.jpg,323,178,149,149
real_00673.jpg,79,125,413,413
real_00674.jpg,156,366,78,78
real_00675.jpg,62,64,468,468
real_00676.jpg,115,137,419,419
real_00677.jpg,102,135,411,411
real_00678.jpg,35,98,439,439
real_00679.jpg,72,68,417,417
real_00680.jpg,72,100,466,466
real_00681.jpg,56,138,379,379
real_00682.jpg,125,193,390,390
real_00684.jpg,267,257,78,78
real_00685.jpg,125,50,456,456
real_00687.jpg,72,103,457,457
real_00688.jpg,89,243,147,147
real_00689.jpg,110,175,379,379
real_00690.jpg,128,129,429,429
real_00693.jpg,115,156,383,383
real_00694.jpg,108,167,376,376
real_00695.jpg,11,135,415,415
real_00696.jpg,50,32,488,488
real_00698.jpg,89,110,406,406
real_00699.jpg,101,170,383,383
real_00701.jpg,77,144,416,416
real_00702.jpg,36,108,437,437
real_00703.jpg,66,41,488,488
real_00704.jpg,399,314,51,51
real_00706.jpg,287,419,62,62
real_00707.jpg,153,132,415,415
real_00708.jpg,113,147,408,408
real_00710.jpg,63,208,370,370
real_00712.jpg,140,180,350,350
real_00713.jpg,123,94,421,421
real_00714.jpg,60,113,420,420
real_00715.jpg,135,90,419,419
real_00716.jpg,278,294,95,95
real_00717.jpg,219,153,354,354
real_00718.jpg,358,373,161,161
real_00718.jpg,309,133,273,273
real_00719.jpg,118,204,343,343
real_00720.jpg,55,165,392,392
real_00721.jpg,36,86,348,348
real_00724.jpg,147,94,362,362
real_00725.jpg,47,107,438,438
real_00726.jpg,74,148,377,377
real_00727.jpg,71,140,411,411
real_00728.jpg,32,21,526,526
real_00730.jpg,165,167,402,402
real_00730.jpg,81,249,139,139
real_00731.jpg,85,150,408,408
real_00732.jpg,92,156,389,389
real_00733.jpg,353,166,131,131
real_00733.jpg,125,85,443,443
real_00734.jpg,52,105,445,445
real_00735.jpg,79,155,385,385
real_00735.jpg,505,164,60,60
real_00736.jpg,228,192,308,308
real_00737.jpg,117,177,390,390
real_00738.jpg,148,185,376,376
real_00739.jpg,126,165,394,394
real_00740.jpg,16,121,414,414
real_00741.jpg,70,169,408,408
real_00743.jpg,206,460,132,132
real_00743.jpg,78,69,485,485
real_00744.jpg,89,168,389,389
real_00745.jpg,95,132,432,432
real_00747.jpg,96,208,352,352
real_00748.jpg,64,190,349,349
real_00749.jpg,49,123,421,421
real_00750.jpg,84,167,408,408
real_00751.jpg,85,158,421,421
real_00752.jpg,151,184,382,382
real_00753.jpg,96,159,397,397
real_00754.jpg,94,144,416,416
real_00755.jpg,75,144,435,435
real_00756.jpg,113,140,401,401
real_00757.jpg,99,170,369,369
real_00758.jpg,42,155,400,400
real_00759.jpg,217,197,330,330
real_00760.jpg,90,171,391,391
real_00761.jpg,66,27,493,493
real_00763.jpg,135,98,450,450
real_00764.jpg,67,108,448,448
real_00765.jpg,49,90,463,463
real_00766.jpg,59,141,402,402
real_00767.jpg,100,135,408,408
real_00768.jpg,134,161,396,396
real_00769.jpg,52,67,393,393
real_00770.jpg,44,143,412,412
real_00771.jpg,111,165,365,365
real_00773.jpg,70,156,383,383
real_00774.jpg,104,192,369,369
real_00776.jpg,99,181,400,400
real_00777.jpg,132,143,391,391
real_00778.jpg,161,137,403,403
real_00779.jpg,73,191,370,370
real_00780.jpg,158,192,356,356
real_00781.jpg,77,149,415,415
real_00782.jpg,98,166,378,378
real_00783.jpg,62,33,476,476
real_00784.jpg,111,160,415,415
real_00785.jpg,147,140,393,393
real_00786.jpg,91,124,408,408
real_00787.jpg,15,51,508,508
real_00789.jpg,68,89,411,411
real_00790.jpg,99,169,386,386
real_00791.jpg,79,72,437,437
real_00792.jpg,72,91,453,453
real_00794.jpg,88,129,422,422
real_00795.jpg,146,156,405,405
real_00796.jpg,145,125,404,404
real_00799.jpg,55,106,456,456
real_00801.jpg,243,279,193,193
real_00802.jpg,91,116,444,444
real_00803.jpg,105,28,469,469
real_00805.jpg,117,139,406,406
real_00806.jpg,85,147,417,417
real_00808.jpg,139,133,409,409
real_00809.jpg,83,99,411,411
real_00810.jpg,74,155,402,402
real_00811.jpg,87,91,446,446
real_00812.jpg,54,47,500,500
real_00813.jpg,61,82,462,462
real_00814.jpg,45,75,450,450
real_00815.jpg,16,170,407,407
real_00816.jpg,98,162,390,390
real_00817.jpg,131,193,344,344
real_00819.jpg,60,126,414,414
real_00820.jpg,79,107,438,438
real_00821.jpg,165,140,354,354
real_00822.jpg,93,119,401,401
real_00823.jpg,103,200,354,354
real_00824.jpg,68,143,417,417
real_00825.jpg,39,21,493,493
real_00826.jpg,111,179,348,348
real_00827.jpg,51,260,58,58
real_00827.jpg,127,147,362,362
real_00828.jpg,118,65,459,459
real_00829.jpg,74,140,432,432
real_00830.jpg,96,153,402,402
real_00831.jpg,71,101,462,462
real_00832.jpg,65,122,422,422
real_00833.jpg,68,53,466,466
real_00834.jpg,131,236,336,336
real_00835.jpg,146,113,392,392
real_00836.jpg,21,77,454,454
real_00837.jpg,504,109,67,67
real_00837.jpg,100,217,332,332
real_00838.jpg,47,80,470,470
real_00839.jpg,73,167,403,403
real_00840.jpg,161,138,403,403
real_00841.jpg,40,95,447,447
real_00842.jpg,159,126,386,386
real_00843.jpg,77,178,362,362
real_00844.jpg,153,109,399,399
real_00845.jpg,62,122,386,386
real_00846.jpg,76,111,446,446
real_00847.jpg,52,63,505,505
real_00848.jpg,44,175,343,343
real_00849.jpg,79,129,397,397
real_00850.jpg,112,68,441,441
real_00854.jpg,77,110,418,418
real_00855.jpg,156,111,379,379
real_00858.jpg,98,119,429,429
real_00859.jpg,131,158,384,384
real_00860.jpg,39,23,504,504
real_00861.jpg,81,56,473,473
real_00862.jpg,190,198,357,357
real_00863.jpg,106,153,386,386
real_00864.jpg,68,145,395,395
real_00865.jpg,28,69,492,492
real_00866.jpg,64,82,452,452
real_00867.jpg,67,46,476,476
real_00867.jpg,204,238,290,290
real_00868.jpg,74,109,430,430
real_00869.jpg,56,32,488,488
real_00871.jpg,73,124,444,444
real_00873.jpg,29,19,530,530
real_00874.jpg,75,163,399,399
real_00876.jpg,115,160,411,411
real_00878.jpg,111,173,391,391
real_00879.jpg,132,163,389,389
real_00880.jpg,224,326,62,62
real_00881.jpg,65,161,397,397
real_00882.jpg,59,93,464,464
real_00885.jpg,70,77,481,481
real_00886.jpg,72,131,407,407
real_00887.jpg,81,84,454,454
real_00889.jpg,122,178,376,376
real_00891.jpg,74,155,334,334
real_00892.jpg,93,80,431,431
real_00893.jpg,137,112,419,419
real_00894.jpg,300,280,75,75
real_00896.jpg,52,69,440,440
real_00898.jpg,111,168,378,378
real_00899.jpg,51,151,402,402
real_00900.jpg,129,99,420,420
real_00901.jpg,213,168,146,146
real_00902.jpg,55,77,472,472
real_00903.jpg,106,171,398,398
real_00905.jpg,501,405,52,52
real_00905.jpg,72,175,357,357
real_00905.jpg,470,254,109,109
real_00906.jpg,97,143,376,376
real_00907.jpg,77,121,394,394
real_00908.jpg,82,132,401,401
real_00909.jpg,73,120,426,426
real_00911.jpg,524,233,55,55
real_00911.jpg,52,120,462,462
real_00913.jpg,42,72,522,522
real_00914.jpg,172,133,389,389
real_00915.jpg,58,170,379,379
real_00916.jpg,69,88,466,466
real_00918.jpg,36,35,478,478
real_00919.jpg,131,139,380,380
real_00920.jpg,94,114,456,456
real_00922.jpg,43,156,355,355
real_00922.jpg,439,188,127,127
real_00923.jpg,133,258,322,322
real_00924.jpg,25,10,508,508
real_00925.jpg,70,131,405,405
real_00926.jpg,134,215,370,370
real_00927.jpg,187,168,365,365
real_00928.jpg,125,180,333,333
real_00929.jpg,105,202,382,382
real_00929.jpg,434,76,97,97
real_00930.jpg,149,153,366,366
real_00931.jpg,61,77,474,474
real_00932.jpg,32,62,474,474
real_00933.jpg,87,108,426,426
real_00934.jpg,108,153,423,423
real_00936.jpg,95,132,432,432
real_00937.jpg,91,196,357,357
real_00938.jpg,95,106,447,447
real_00939.jpg,59,43,449,449
real_00940.jpg,90,71,438,438
real_00941.jpg,125,133,415,415
real_00943.jpg,112,194,388,388
real_00944.jpg,23,147,437,437
real_00945.jpg,54,87,466,466
real_00947.jpg,522,138,66,66
real_00948.jpg,43,10,494,494
real_00949.jpg,41,213,50,50
real_00949.jpg,354,295,60,60
real_00950.jpg,140,172,382,382
real_00954.jpg,70,8,508,508
real_00955.jpg,86,152,388,388
real_00956.jpg,186,170,360,360
real_00958.jpg,66,185,401,401
real_00959.jpg,142,113,395,395
real_00960.jpg,102,197,365,365
real_00961.jpg,78,165,403,403
real_00963.jpg,202,176,324,324
real_00964.jpg,52,113,451,451
real_00965.jpg,71,90,455,455
real_00966.jpg,74,8,430,430
real_00967.jpg,60,118,430,430
real_00968.jpg,36,82,441,441
real_00972.jpg,48,77,463,463
real_00973.jpg,161,123,345,345
real_00974.jpg,47,72,462,462
real_00975.jpg,115,103,404,404
real_00976.jpg,108,255,341,341
real_00977.jpg,88,52,432,432
real_00977.jpg,428,484,110,110
real_00978.jpg,40,71,483,483
real_00979.jpg,95,151,405,405
real_00980.jpg,22,504,75,75
real_00981.jpg,115,171,394,394
real_00982.jpg,18,92,458,458
real_00983.jpg,85,89,472,472
real_00985.jpg,79,114,442,442
real_00986.jpg,371,206,187,187
real_00986.jpg,50,173,341,341
real_00987.jpg,47,123,417,417
real_00988.jpg,148,154,417,417
real_00989.jpg,89,170,374,374
real_00991.jpg,38,122,413,413
real_00992.jpg,151,118,435,435
real_00993.jpg,192,85,359,359
real_00994.jpg,117,43,465,465
real_00995.jpg,15,71,455,455
real_00996.jpg,30,28,539,539
real_00997.jpg,119,422,80,80
real_00998.jpg,44,73,480,480
real_00999.jpg,92,104,425,425
real_01000.jpg,66,93,429,429
real_01001.jpg,462,26,91,91
real_01001.jpg,86,124,419,419
real_01002.jpg,49,138,411,411
real_01003.jpg,88,141,406,406
real_01004.jpg,51,71,489,489
real_01006.jpg,53,120,431,431
real_01007(1).jpg,74,54,464,464
real_01007.jpg,74,54,464,464
real_01008.jpg,117,179,368,368
real_01009.jpg,125,153,412,412
real_01010.jpg,34,107,430,430
real_01011.jpg,63,134,441,441
real_01012.jpg,114,49,462,462
real_01013(1).jpg,89,104,57,57
real_01013.jpg,89,104,57,57
real_01015.jpg,78,96,444,444
real_01016.jpg,82,115,418,418
real_01017.jpg,92,95,436,436
real_01018.jpg,86,103,467,467
real_01019.jpg,111,113,458,458
real_01020.jpg,79,177,396,396
real_01021.jpg,81,97,457,457
real_01022.jpg,123,180,357,357
real_01023.jpg,28,126,412,412
real_01024.jpg,52,57,511,511
real_01026.jpg,124,156,401,401
real_01027.jpg,117,86,438,438
real_01028.jpg,85,142,394,394
real_01029.jpg,68,207,373,373
real_01030.jpg,150,161,384,384
real_01031.jpg,138,166,373,373
real_01032.jpg,35,28,473,473
real_01033.jpg,40,141,392,392
real_01036.jpg,56,166,341,341
real_01037.jpg,160,178,350,350
real_01038.jpg,183,165,347,347
real_01039.jpg,163,123,403,403
real_01040.jpg,112,134,414,414
real_01041.jpg,139,122,415,415
real_01042.jpg,45,136,396,396
real_01043.jpg,42,138,403,403
real_01044.jpg,167,162,380,380
real_01045.jpg,71,123,414,414
real_01046.jpg,144,177,381,381
real_01048.jpg,71,153,386,386
real_01049.jpg,159,212,343,343
real_01050.jpg,174,181,356,356
real_01053.jpg,68,50,471,471
real_01055.jpg,101,165,392,392
real_01056.jpg,118,150,375,375
real_01057.jpg,113,156,398,398
real_01058.jpg,83,102,437,437
real_01059.jpg,39,129,409,409
real_01060.jpg,91,130,404,404
real_01061.jpg,95,186,364,364
real_01062.jpg,34,159,359,359
real_01063.jpg,146,213,339,339
real_01064.jpg,113,152,401,401
real_01065.jpg,107,178,394,394
real_01066.jpg,77,113,404,404
real_01067.jpg,208,165,346,346
real_01068.jpg,89,164,382,382
real_01069.jpg,54,205,354,354
real_01070.jpg,93,146,412,412
real_01071.jpg,136,207,348,348
real_01072.jpg,98,165,369,369
real_01073.jpg,83,150,408,408
real_01074.jpg,76,97,431,431
real_01075.jpg,100,159,384,384
real_01076.jpg,66,123,432,432
real_01077.jpg,93,167,402,402
real_01078.jpg,65,76,468,468
real_01079.jpg,69,67,475,475
real_01080.jpg,51,87,447,447
